{"accuracy": 0.64, "roc_auc": 0.6876704208060836, "f1": 0.6442687747035573, "time_to_train": 8.45300006866455}