{"accuracy": 0.6355, "roc_auc": 0.70334238293207, "f1": 0.6320040383644624, "time_to_train": 7.306004285812378}