{"accuracy": 0.631, "roc_auc": 0.689874759499038, "f1": 0.6396484375, "time_to_train": 8.580998420715332}