{"uniform": {"time_to_train": 0.008996009826660156, "f1": 0.49795584627964024, "roc_auc": 0.5, "accuracy": 0.4991002231446601}, "prior": {"time_to_train": 0.0110015869140625, "f1": 0.6655566851041008, "roc_auc": 0.5, "accuracy": 0.49875230942726206}, "stratified": {"time_to_train": 0.009999990463256836, "f1": 0.5009956574938221, "roc_auc": 0.5043306535255395, "accuracy": 0.5009477649542914}, "most_frequent": {"time_to_train": 0.008998394012451172, "f1": 0.6655566851041008, "roc_auc": 0.5, "accuracy": 0.49875230942726206}}