{"uniform": {"accuracy": 0.4991362142188737, "time_to_train": 0.009996414184570312, "roc_auc": 0.5, "f1": 0.498985947269258}, "stratified": {"accuracy": 0.4965448568754949, "time_to_train": 0.010001897811889648, "roc_auc": 0.49901717621635266, "f1": 0.49717825519117165}, "most_frequent": {"accuracy": 0.49967608033207767, "time_to_train": 0.009999513626098633, "roc_auc": 0.5, "f1": 0.0}, "prior": {"accuracy": 0.49967608033207767, "time_to_train": 0.010997295379638672, "roc_auc": 0.5, "f1": 0.0}}