{"prior": {"f1": 0.6655566851041008, "accuracy": 0.49875230942726206, "time_to_train": 0.01499795913696289, "roc_auc": 0.5}, "stratified": {"f1": 0.4976756509381699, "accuracy": 0.4996040981836505, "time_to_train": 0.014000177383422852, "roc_auc": 0.49823780349933405}, "uniform": {"f1": 0.4956507112648981, "accuracy": 0.49638889555390264, "time_to_train": 0.01399993896484375, "roc_auc": 0.5}, "most_frequent": {"f1": 0.6655566851041008, "accuracy": 0.49875230942726206, "time_to_train": 0.01399993896484375, "roc_auc": 0.5}}