{"accuracy": 0.6177388007774072, "roc_auc": 0.6578774624236594, "f1": 0.6309205268096049, "time_to_train": 0.8579998016357422}