{"accuracy": 0.6919284017563644, "roc_auc": 0.7615514689474486, "f1": 0.6843586749431504, "time_to_train": 471.27518701553345}