{"accuracy": 0.6328550519471171, "roc_auc": 0.679868539301391, "f1": 0.6188299475631174, "time_to_train": 0.663999080657959}