{"accuracy": 0.6627996256928281, "roc_auc": 0.7243607383256971, "f1": 0.6592884417237408, "time_to_train": 924.2890381813049}