{"accuracy": 0.6217698010893299, "roc_auc": 0.6730023781476844, "f1": 0.6370491463569068, "time_to_train": 395.0678038597107}