{"accuracy": 0.656681143076517, "roc_auc": 0.7083575596185361, "f1": 0.6721204413432784, "time_to_train": 5.398999452590942}