{"accuracy": 0.6361782277995057, "f1": 0.6504207492795389, "time_to_train": 48.08787679672241}