{"accuracy": 0.6765482160424214, "roc_auc": 0.7470086214996261, "f1": 0.6938997945026624, "time_to_train": 38.58299922943115}