{"accuracy": 0.6796794394990042, "roc_auc": 0.7482971247619117, "f1": 0.6899890857580754, "time_to_train": 5817.774391651154}