{"accuracy": 0.6513664611176428, "roc_auc": 0.7140783786612317, "f1": 0.6560458289934665, "time_to_train": 26.67900037765503}