{"accuracy": 0.6395253977013701, "roc_auc": 0.70160911043744, "f1": 0.668637030338454, "time_to_train": 179.0576674938202}