{"accuracy": 0.5669913861362382, "f1": 0.3679980388380115, "time_to_train": 1687.9446246623993}