{"accuracy": 0.682102838496053, "f1": 0.6599507212155433, "time_to_train": 265.79745221138}